srx	srr
DRX000998	DRR001444
DRX000999	DRR001445
DRX001000	DRR001446
DRX001001	DRR001447
DRX015073	DRR016720
DRX015074	DRR016721
DRX015075	DRR016722
DRX015076	DRR016723
DRX042143	DRR046855
DRX042144	DRR046856
DRX042145	DRR046857
DRX042146	DRR046858
DRX042147	DRR046859
DRX042148	DRR046860
DRX042149	DRR046861
DRX042150	DRR046862
DRX042151	DRR046863
DRX042152	DRR046864
DRX042153	DRR046865
DRX042154	DRR046866
DRX042155	DRR046867
ERX004310	ERR011354
ERX004311	ERR011351
ERX004312	ERR011355
ERX1104349	ERR1025479
ERX1104351	ERR1025481
ERX1104352	ERR1025482
ERX1104353	ERR1025483
ERX1104355	ERR1025485
ERX1104356	ERR1025486
ERX1104357	ERR1025487
ERX1172343	ERR1092789
ERX1172343	ERR1092790
ERX1172343	ERR1092791
ERX1172343	ERR1092792
ERX1172343	ERR1092793
ERX1172343	ERR1092794
ERX1172344	ERR1092795
ERX1172344	ERR1092796
ERX1172344	ERR1092797
ERX1172344	ERR1092798
ERX1172344	ERR1092799
ERX1172344	ERR1092800
ERX1172345	ERR1092801
ERX1172345	ERR1092802
ERX1172345	ERR1092803
ERX1172345	ERR1092804
ERX1172345	ERR1092805
ERX1172345	ERR1092806
ERX1172346	ERR1092807
ERX1172346	ERR1092808
ERX1172346	ERR1092809
ERX1172346	ERR1092810
ERX1172346	ERR1092811
ERX1172346	ERR1092812
ERX1172347	ERR1092813
ERX1172347	ERR1092814
ERX1172347	ERR1092815
ERX1172347	ERR1092816
ERX1172347	ERR1092817
ERX1172347	ERR1092818
ERX1172348	ERR1092819
ERX1172348	ERR1092820
ERX1172348	ERR1092821
ERX1172348	ERR1092822
ERX1172348	ERR1092823
ERX1172348	ERR1092824
ERX1172349	ERR1092825
ERX1172349	ERR1092826
ERX1172349	ERR1092827
ERX1172349	ERR1092828
ERX1172349	ERR1092829
ERX1172349	ERR1092830
ERX1172350	ERR1092831
ERX1172350	ERR1092832
ERX1172350	ERR1092833
ERX1172350	ERR1092834
ERX1172350	ERR1092835
ERX1172350	ERR1092836
ERX1172351	ERR1092837
ERX1172351	ERR1092838
ERX1172352	ERR1092839
ERX1172352	ERR1092840
ERX1172353	ERR1092841
ERX1172353	ERR1092842
ERX1172354	ERR1092843
ERX1172354	ERR1092844
ERX1172355	ERR1092845
ERX1172355	ERR1092846
ERX1172355	ERR1092847
ERX1172355	ERR1092848
ERX1172356	ERR1092849
ERX1172356	ERR1092850
ERX1172356	ERR1092851
ERX1172356	ERR1092852
ERX1172357	ERR1092853
ERX1172357	ERR1092854
ERX1172357	ERR1092855
ERX1172357	ERR1092856
ERX1365922	ERR1294576
ERX1432621	ERR1361150
ERX1668460	ERR1597893
ERX1668461	ERR1597894
ERX1668464	ERR1597897
ERX1668465	ERR1597898
ERX177417	ERR202732
ERX177417	ERR202733
ERX177417	ERR202734
ERX177417	ERR202735
ERX177417	ERR202736
ERX177422	ERR202737
ERX177423	ERR202738
ERX249585	ERR275263
ERX249586	ERR275264
ERX249587	ERR275265
ERX249588	ERR275266
ERX249589	ERR275267
ERX249590	ERR275268
ERX249592	ERR275270
ERX249593	ERR275271
ERX332485	ERR359713
ERX332486	ERR359714
ERX332487	ERR359715
ERX332488	ERR359716
ERX332489	ERR359717
ERX332490	ERR359718
ERX332491	ERR359719
ERX332492	ERR359720
ERX332493	ERR359721
ERX332494	ERR359722
ERX332495	ERR359723
ERX332496	ERR359724
ERX332497	ERR359725
ERX332498	ERR359726
ERX332499	ERR359727
ERX332500	ERR359728
ERX332501	ERR359729
ERX332502	ERR359730
ERX332503	ERR359731
ERX332504	ERR359732
ERX332505	ERR359733
ERX332506	ERR359734
ERX332507	ERR359735
ERX332508	ERR359736
ERX332509	ERR359737
ERX332510	ERR359738
ERX332511	ERR359739
ERX332512	ERR359740
ERX341504	ERR368828
ERX341505	ERR368829
ERX341506	ERR368830
ERX341507	ERR368831
ERX341508	ERR368832
ERX341509	ERR368833
ERX341510	ERR368834
ERX341511	ERR368835
ERX341513	ERR368837
ERX341514	ERR368838
ERX341515	ERR368839
ERX341516	ERR368840
ERX341517	ERR368841
ERX341518	ERR368842
ERX341519	ERR368843
ERX409654	ERR442890
ERX409655	ERR442891
ERX409656	ERR442892
ERX409657	ERR442893
ERX409658	ERR442894
ERX409659	ERR442895
ERX409660	ERR442896
ERX409661	ERR442897
ERX409662	ERR442898
ERX409663	ERR442899
ERX409664	ERR442900
ERX409665	ERR442901
ERX447119	ERR481287
ERX447120	ERR481288
ERX447121	ERR481289
ERX447122	ERR481290
ERX447123	ERR481291
ERX447124	ERR481292
ERX472121	ERR506764
ERX472122	ERR506765
ERX472123	ERR506766
ERX472124	ERR506767
ERX472125	ERR506768
ERX472126	ERR506769
ERX472127	ERR506770
ERX472128	ERR506771
ERX472129	ERR506772
ERX472130	ERR506773
ERX472131	ERR506774
ERX472132	ERR506775
ERX472133	ERR506776
ERX472134	ERR506777
ERX472135	ERR506778
ERX472136	ERR506779
ERX472137	ERR506780
ERX472138	ERR506781
ERX472139	ERR506782
ERX472140	ERR506783
ERX472141	ERR506784
ERX472142	ERR506785
ERX472143	ERR506786
ERX472144	ERR506787
ERX472145	ERR506788
ERX472146	ERR506789
ERX472147	ERR506790
ERX472148	ERR506791
ERX472149	ERR506792
ERX472150	ERR506793
ERX472151	ERR506794
ERX472152	ERR506795
ERX472153	ERR506796
ERX472154	ERR506797
ERX472155	ERR506798
ERX472156	ERR506799
ERX472157	ERR506800
ERX472159	ERR506802
ERX472160	ERR506803
ERX472161	ERR506804
ERX472162	ERR506805
ERX472163	ERR506806
ERX472164	ERR506807
ERX472165	ERR506808
ERX472166	ERR506809
ERX472167	ERR506810
ERX472168	ERR506811
ERX472169	ERR506812
ERX472170	ERR506813
ERX472171	ERR506814
ERX472172	ERR506815
ERX472173	ERR506816
ERX472174	ERR506817
ERX472175	ERR506818
ERX472176	ERR506819
ERX472177	ERR506820
ERX472178	ERR506821
ERX645969	ERR701709
ERX645969	ERR701707
ERX645969	ERR701711
ERX645969	ERR701706
ERX645969	ERR701708
ERX645969	ERR701710
ERX645975	ERR701712
ERX645975	ERR701713
ERX650203	ERR705945
ERX650204	ERR705946
ERX650205	ERR705947
ERX650206	ERR705948
ERX650207	ERR705949
ERX650208	ERR705950
ERX650209	ERR705951
ERX650210	ERR705952
ERX650211	ERR705953
ERX650212	ERR705954
ERX650213	ERR705955
ERX650214	ERR705956
ERX650215	ERR705957
ERX650216	ERR705958
ERX650217	ERR705959
ERX650218	ERR705960
ERX650219	ERR705961
ERX650220	ERR705962
ERX650221	ERR705963
ERX650222	ERR705964
ERX650224	ERR705966
ERX650225	ERR705967
ERX650227	ERR705969
ERX650228	ERR705970
ERX650229	ERR705971
ERX650230	ERR705972
ERX650231	ERR705973
ERX650232	ERR705975
ERX650232	ERR705974
ERX650234	ERR705976
ERX650235	ERR705977
ERX650236	ERR705978
ERX650237	ERR705979
ERX650238	ERR705980
ERX650239	ERR705981
ERX650240	ERR705982
ERX650241	ERR705984
ERX650241	ERR705983
ERX650243	ERR705985
ERX650243	ERR705986
ERX650245	ERR705987
ERX650245	ERR705988
ERX650247	ERR705989
ERX650247	ERR705990
ERX650249	ERR705991
ERX650249	ERR705992
ERX650251	ERR705993
ERX650251	ERR705994
ERX650253	ERR705995
ERX650253	ERR705996
ERX650255	ERR705997
ERX650255	ERR705998
ERX650257	ERR706000
ERX650257	ERR705999
ERX650259	ERR706001
ERX650259	ERR706002
ERX650261	ERR706003
ERX650261	ERR706004
ERX650263	ERR706005
ERX650263	ERR706006
ERX650265	ERR706007
ERX650265	ERR706008
ERX650267	ERR706009
ERX650267	ERR706010
ERX650269	ERR706011
ERX650270	ERR706012
ERX650271	ERR706013
ERX650272	ERR706014
ERX650273	ERR706015
ERX688215	ERR744534
ERX688215	ERR744535
ERX688215	ERR744536
ERX688215	ERR744533
ERX688219	ERR744538
ERX688219	ERR744539
ERX688219	ERR744540
ERX688219	ERR744537
ERX688223	ERR744541
ERX688223	ERR744542
ERX688223	ERR744543
ERX688223	ERR744544
ERX688227	ERR744545
ERX688227	ERR744547
ERX688227	ERR744548
ERX688227	ERR744546
ERX688231	ERR744549
ERX688231	ERR744550
ERX688231	ERR744552
ERX688231	ERR744551
ERX779649	ERR789486
ERX779650	ERR789487
ERX779651	ERR789488
ERX779652	ERR789489
ERX779653	ERR789490
ERX779654	ERR789491
ERX779655	ERR789492
ERX779656	ERR789493
ERX779657	ERR789494
ERX779658	ERR789495
ERX779659	ERR789496
ERX779660	ERR789497
SRX000191	SRR000917
SRX000191	SRR000918
SRX000439	SRR001815
SRX000439	SRR001816
SRX000439	SRR001817
SRX000439	SRR001818
SRX000439	SRR001819
SRX000440	SRR001820
SRX000440	SRR001821
SRX000440	SRR001822
SRX000440	SRR001823
SRX000440	SRR001824
SRX000484	SRR001825
SRX000484	SRR001826
SRX000528	SRR001926
SRX000528	SRR001927
SRX000528	SRR001928
SRX000528	SRR001929
SRX000528	SRR001930
SRX000529	SRR001931
SRX000529	SRR001932
SRX000530	SRR001933
SRX000530	SRR001934
SRX000531	SRR001935
SRX000531	SRR001936
SRX000531	SRR001937
SRX000532	SRR001938
SRX000532	SRR001939
SRX000532	SRR001940
SRX000533	SRR001941
SRX000533	SRR001942
SRX000533	SRR001943
SRX000533	SRR001944
SRX000533	SRR001945
SRX000534	SRR001946
SRX000534	SRR001947
SRX000534	SRR001948
SRX000534	SRR001949
SRX000534	SRR001950
SRX000535	SRR001951
SRX000535	SRR001952
SRX000536	SRR001953
SRX000536	SRR001954
SRX000537	SRR001955
SRX000537	SRR001956
SRX000537	SRR001957
SRX000537	SRR001958
SRX000537	SRR001959
SRX000538	SRR001960
SRX000538	SRR001961
SRX000538	SRR001962
SRX000538	SRR001963
SRX000538	SRR001964
SRX000539	SRR001965
SRX000539	SRR001966
SRX000539	SRR001967
SRX000539	SRR001968
SRX000539	SRR001969
SRX000556	SRR001970
SRX000556	SRR001971
SRX000556	SRR001972
SRX000556	SRR001973
SRX000556	SRR001974
SRX000557	SRR001975
SRX000557	SRR001976
SRX000557	SRR001977
SRX000557	SRR001978
SRX000557	SRR001979
SRX000558	SRR001980
SRX000558	SRR001981
SRX000558	SRR001982
SRX000558	SRR001983
SRX000558	SRR001984
SRX003311	SRR014532
SRX003312	SRR014533
SRX006151	SRR018292
SRX006151	SRR018293
SRX006152	SRR018294
SRX006158	SRR018305
SRX006158	SRR018306
SRX006275	SRR018517
SRX006276	SRR018518
SRX006277	SRR018519
SRX006278	SRR018521
SRX006279	SRR018522
SRX006280	SRR018523
SRX006282	SRR018574
SRX006283	SRR018575
SRX006283	SRR029943
SRX006290	SRR018580
SRX006291	SRR018581
SRX006292	SRR018582
SRX006293	SRR018583
SRX006293	SRR018584
SRX006300	SRR018591
SRX006300	SRR018592
SRX006300	SRR018593
SRX006301	SRR018594
SRX006302	SRR018595
SRX006303	SRR018596
SRX006303	SRR018597
SRX006304	SRR018600
SRX006304	SRR018601
SRX006305	SRR018603
SRX010898	SRR026674
SRX010899	SRR026675
SRX010900	SRR026676
SRX010901	SRR027010
SRX010902	SRR027011
SRX010903	SRR027012
SRX010904	SRR027005
SRX010905	SRR027004
SRX010906	SRR027006
SRX010907	SRR027007
SRX010908	SRR027008
SRX010909	SRR027009
SRX010933	SRR026829
SRX010933	SRR026862
SRX010933	SRR026863
SRX010933	SRR026874
SRX010933	SRR026875
SRX010933	SRR026932
SRX010933	SRR026933
SRX010933	SRR026936
SRX010933	SRR026937
SRX010938	SRR026799
SRX010938	SRR026800
SRX010938	SRR026806
SRX010938	SRR026807
SRX010938	SRR026955
SRX010938	SRR026956
SRX010938	SRR026978
SRX010938	SRR026979
SRX010938	SRR026993
SRX010956	SRR026817
SRX010956	SRR026887
SRX010956	SRR026888
SRX010956	SRR026891
SRX010956	SRR026892
SRX010956	SRR026918
SRX010956	SRR026944
SRX010956	SRR026945
SRX010956	SRR026965
SRX010956	SRR026966
SRX010957	SRR026946
SRX010957	SRR026947
SRX010957	SRR026948
SRX010957	SRR026949
SRX010957	SRR026950
SRX010957	SRR026951
SRX010957	SRR026952
SRX010957	SRR026953
SRX010957	SRR026954
SRX015838	SRR034205
SRX015839	SRR034206
SRX148400	SRR497717
SRX148401	SRR497721
SRX148402	SRR497725
SRX148403	SRR497720
SRX148404	SRR497712
SRX148405	SRR497718
SRX148406	SRR497723
SRX148407	SRR497726
SRX148408	SRR497716
SRX148409	SRR497727
SRX148410	SRR497722
SRX148411	SRR497719
SRX148412	SRR497710
SRX148413	SRR497715
SRX148414	SRR497730
SRX148415	SRR497714
SRX148416	SRR497711
SRX148417	SRR497728
SRX148418	SRR497713
SRX148419	SRR497724
SRX148420	SRR497729
SRX1509865	SRR3068922
SRX1509866	SRR3068923
SRX1509867	SRR3068924
SRX1509868	SRR3068925
SRX1509869	SRR3068926
SRX1509870	SRR3068927
SRX1509871	SRR3068928
SRX1509872	SRR3068929
SRX1509873	SRR3068930
SRX1509874	SRR3068931
SRX1509875	SRR3068932
SRX1509876	SRR3068933
SRX1509877	SRR3068934
SRX1509878	SRR3068935
SRX1509879	SRR3068936
SRX1509880	SRR3068937
SRX1509881	SRR3068938
SRX1509882	SRR3068939
SRX1509883	SRR3068940
SRX1509884	SRR3068941
SRX1509885	SRR3068942
SRX1509886	SRR3068943
SRX1509887	SRR3068944
SRX1509888	SRR3068945
SRX1509889	SRR3068946
SRX1509890	SRR3068947
SRX1509891	SRR3068948
SRX1509892	SRR3068949
SRX1509893	SRR3068950
SRX1509894	SRR3068951
SRX1509895	SRR3068952
SRX1509896	SRR3068953
SRX193620	SRR612107
SRX193621	SRR612109
SRX193622	SRR612111
SRX193623	SRR612112
SRX193624	SRR612105
SRX193625	SRR612106
